{
  "accuracy": 0.8944444444444445,
  "precision_weighted": 0.9077927031987472,
  "recall_weighted": 0.8944444444444445,
  "f1_weighted": 0.8949562919576547
}